time,freemem@tsung_controller@ip-172-31-20-100 
0,738.99609375 
8,738.99609375 
