time,page 
0,51.98933333333334 
8,55.269999999999996 
