time,connect,request 
0,0.9617857811846092,2.6923862196118074 
8,0.9484999999999997,1.3070000000000004 
