time,size_sent,size_rcv 
0,0.8203125,69.08203125 
8,1.09375,92.03515625 
