time,load@tsung_controller@ip-172-31-20-100 
0,0.19921875 
8,0.171875 
