time,connect,request 
0,8.006666666666666,51.98933333333334 
8,8.214500000000001,55.269999999999996 
