time,session 
0,4.000194901501672 
8,1.3164999999999996 
