time,page 
0,2.6923862196118074 
8,1.3070000000000004 
