time,cpu@tsung_controller@ip-172-31-20-100 
0,4.568350168350168 
8,0.5997001499250375 
