time,size_sent,size_rcv 
0,0.8203125,69.08203125 
8,0.2734375,22.953125 
