time,cpu@tsung_controller@ip-172-31-33-214 
0,0.00794135169399156 
10,0.028108603314733076 
20,0.028108603314733076 
30,0.028108603314733076 
40,0.028108603314733076 
50,0.028108603314733076 
60,0.028108603314733076 
70,0.028108603314733076 
80,0.028108603314733076 
90,0.028108603314733076 
94,0.028108603314733076 
