time,session 
10,3209.030841669689 
20,3899.8831480476692 
30,3721.0139869594022 
40,0 
50,0 
60,0 
70,2967.8070000000007 
80,1696.280867034183 
90,0.0 
94,0.0 
