time,cpu@tsung_controller@ip-172-31-25-135 
0,1.4396786117984908 
10,0.44932601098352476 
20,0.44932601098352476 
30,0.44932601098352476 
40,0.44932601098352476 
50,0.29985007496251875 
60,0.0999000999000999 
70,0.0 
80,0.0 
90,0.0 
100,0.0 
110,0.0 
120,0.0 
130,0.0 
140,0.0 
150,0.0 
160,0.0 
170,0.0 
180,0.0 
190,0.0 
200,0.0 
210,0.0 
220,0.0 
230,0.0 
240,0.0 
250,0.0 
251,0.0 
