time,size_sent,size_rcv 
0,1.96875,165.98125 
5,2.1875,184.3953125 
