time,size_sent,size_rcv 
0,1.96875,165.98125 
5,0.21875,18.4140625 
