time,cpu@tsung_controller@ip-172-31-20-100 
0,2.191847864084458 
5,0.44999999999999996 
