time,session 
0,0 
10,2873.319512814918 
20,3959.7926161535497 
30,814.2139999999999 
37,0.0 
