time,cpu@tsung_controller@ip-172-31-21-99 
0,0.149098554452548 
10,0.3001500750375188 
20,0.3001500750375188 
30,0.3001500750375188 
40,0.3001500750375188 
44,0.3001500750375188 
