time,size_sent,size_rcv 
0,12.29765625,156.85703125 
10,40.4796875,296.7484375 
20,21.6,103.090625 
30,1.5171875,5.7890625 
37,0.32578125,1.47734375 
