time,connect,request 
0,2.6563534501913995,104.27726354972143 
10,0.5504306008616194,44.91158037618048 
20,53.78362915878771,130.43285906432513 
30,0.0,5.8065343525634985 
37,0,0.0 
