time,tr_Post_Register,tr_Get_Root,page,tr_Get_New_Conversation,tr_Post_New_Post,tr_Redirect_To_New_Post,tr_Get_Register,tr_Get_Book,tr_Redirect_Root 
0,56.739774239887396,17.071086680209117,60.07450295495123,,,,0.8008609165219991,,22.222321023391473 
10,2181.944147869813,2231.3607129580987,2708.514151951265,0,0,,10.435487015135209,3696.2217411082843,2220.551971172683 
20,1849.3475414593972,0,5032.929229488143,2269.202785504319,772.7025641701591,2346.469633215871,0.0,6606.145224677142,2041.9182491182182 
30,0,0,4525.22426618776,2444.3762714693703,2467.461943257837,2436.3658096678937,0,6640.619774975854,1.023499999999558 
40,0,0,7665.558216009302,1300.3206830529307,33.15285790229856,1297.8739041449812,0,3121.2551772532147,0 
44,0,0,15.134558620587521,0.0,0.0,14.167515237330784,0,0,0 
