time,cpu@tsung_controller@ip-172-31-29-89 
0,0.537007109365375 
10,0.49975012493753124 
20,0.7944389275074478 
30,0.39920159680638717 
37,0.199700449326011 
