time,session 
20,2263.042598101994 
30,4590.8776202707595 
40,4987.265875307643 
44,1763.4336005692571 
