time,freemem@tsung_controller@ip-172-31-29-89 
0,731.0390625 
10,731.0390625 
20,731.0390625 
30,731.0390625 
37,731.0390625 
