time,connect,request 
0,3.348368421052631,63.86213207547172 
10,14.084636363636365,1880.5174150943399 
20,0,4005.088276595746 
30,0,3647.8194250000006 
40,0,4024.3394761904756 
44,0,17.7866 
