time,session 
0,7415.368 
10,9849.300200000001 
20,12634.690230769233 
30,17668.039 
37,28954.324 
