time,connect,request 
0,6.629153261882628,60.07450295495123 
10,26.005629503393468,2708.514151951265 
20,0,5032.929229488143 
30,0,4525.22426618776 
40,0,7665.558216009302 
44,0,15.134558620587521 
