time,freemem@tsung_controller@ip-172-31-29-89 
0,731.0390625 
10,725.17578125 
20,720.87109375 
30,720.328125 
37,720.28515625 
