time,cpu@tsung_controller@ip-172-31-21-99 
0,0.149098554452548 
10,0.3001500750375188 
20,0.0501002004008016 
30,0.2001000500250125 
40,0.2 
44,0.15015015015015015 
