time,connect,request 
0,1.8151875,63.03202325581393 
10,1.362925925925926,32.8826140350877 
20,27.7491,54.645518518518536 
30,1.311,10.52975 
37,0,10.222 
