time,tr_Post_Register,tr_Get_Root,page,tr_Get_New_Conversation,tr_Post_New_Post,tr_Redirect_To_New_Post,tr_Get_Register,tr_Get_Book,tr_Redirect_Root 
0,155.80545454545455,62.01263157894738,63.86213207547172,,,,7.19870588235294,,63.842999999999996 
10,1627.4344615384614,1529.303181818182,1880.5174150943399,17.337,27.483,,19.649916666666666,7665.712333333334,3201.4706666666666 
20,4049.5925,0,4005.088276595746,1542.3488,366.03116666666665,1687.4646666666667,8.892,10009.242454545454,3115.6153 
30,0,0,3647.8194250000006,1903.728,2476.416916666666,2026.4711,0,8835.398124999998,5012.565500000001 
40,0,0,4024.3394761904756,648.7793999999999,33.9991,478.99850000000004,0,19436.8415,0 
44,0,0,17.7866,6.67,3.881,26.402,0,0,0 
