time,session 
20,22737.99166666667 
30,29657.540999999994 
40,36597.78646153846 
44,40638.01 
