time,size_sent,size_rcv 
0,16.3046875,210.01015625 
10,38.215625,448.93984375 
20,58.02421875,912.6375 
30,70.18125,1152.2359375 
40,83.2484375,1947.2625 
44,85.29453125,1953.91796875 
