time,cpu@tsung_controller@ip-172-31-21-99 
0,0.149098554452548 
10,0.149098554452548 
20,0.0501002004008016 
30,0.0501002004008016 
40,0.0501002004008016 
44,0.0501002004008016 
