time,size_sent,size_rcv 
0,12.29765625,156.85703125 
10,52.77734375,453.60546875 
20,74.37734375,556.69609375 
30,75.89453125,562.48515625 
37,76.2203125,563.9625 
