time,freemem@tsung_controller@ip-172-31-21-99 
0,732.95703125 
10,726.59765625 
20,723.65625 
30,720.84765625 
40,719.875 
44,720.59765625 
