time,freemem@tsung_controller@ip-172-31-21-99 
0,732.95703125 
10,732.95703125 
20,732.95703125 
30,732.95703125 
40,732.95703125 
44,732.95703125 
