time,cpu@tsung_controller@ip-172-31-29-89 
0,0.537007109365375 
10,0.537007109365375 
20,0.7944389275074478 
30,0.7944389275074478 
37,0.7944389275074478 
