time,cpu@tsung_controller@ip-172-31-24-72 
0,0.2459005569650486 
10,1.2419274714356683 
20,2.6732673267326734 
30,0.6493506493506493 
40,0.24937655860349126 
50,0.1 
60,0.14985014985014986 
70,0.1 
80,0.10005002501250625 
90,0.24962556165751376 
100,0.29985007496251875 
110,1.9851116625310175 
120,3.371343579573624 
130,1.0468594217347957 
140,0.15 
150,0.0999000999000999 
160,0.04997501249375312 
170,0.05002501250625312 
180,0.1998001998001998 
182,0.09995002498750624 
