time,load@tsung_controller@ip-172-31-28-177 
0,0.0 
10,0.0 
20,0.0 
30,0.0 
40,0.0 
50,0.0 
60,0.0 
70,0.0 
80,0.0 
90,0.0 
100,0.0 
110,0.16015625 
120,0.12890625 
130,0.109375 
140,0.1015625 
150,0.078125 
160,0.0703125 
170,0.05859375 
180,0.05078125 
190,0.109375 
200,0.1015625 
210,0.078125 
220,0.23046875 
230,0.19140625 
240,0.16015625 
250,0.140625 
260,0.12109375 
270,0.1015625 
280,0.23046875 
290,0.26953125 
300,0.23046875 
310,0.19921875 
320,0.16015625 
322,0.140625 
