time,freemem@tsung_controller@ip-172-31-25-135 
0,731.8671875 
10,733.1171875 
20,726.12109375 
30,726.06640625 
40,724.3828125 
50,723.55078125 
60,724.73046875 
70,724.6640625 
80,725.3671875 
90,725.38671875 
100,723.55859375 
110,706.4375 
120,694.390625 
130,695.00390625 
140,694.77734375 
150,691.87890625 
160,686.41015625 
170,685.12109375 
180,691.546875 
190,698.1875 
200,701.859375 
210,702.48046875 
220,706.0 
230,706.6171875 
240,706.6953125 
250,706.63671875 
251,708.94921875 
