time,connect,request 
0,3.121823529411764,332.06576923076926 
10,2.06537037037037,491.2322577319586 
20,2.252666666666667,2017.2513771929825 
30,15.181394366197186,4470.877583333332 
40,4.105115789473685,7627.4905043478175 
50,2.549861635220123,2408.830896607434 
60,2.7207,2791.2089959785485 
70,0,5073.241328358206 
80,0,7667.45822727273 
90,0,11281.893425149692 
100,0,11812.78901428572 
110,0,9806.736918367353 
120,0,9827.682700934589 
130,0,2880.3990000000003 
132,0,0 
