time,cpu@tsung_controller@ip-172-31-26-119 
0,0.5936856798968742 
10,0.5936856798968742 
20,0.8991008991008992 
30,1.04425658876181 
40,1.04425658876181 
50,1.04425658876181 
60,1.04425658876181 
70,2.095808383233533 
80,2.095808383233533 
90,2.095808383233533 
100,2.095808383233533 
110,2.095808383233533 
120,2.095808383233533 
130,2.095808383233533 
132,2.095808383233533 
