time,cpu@tsung_controller@ip-172-31-26-119 
0,0.5936856798968742 
10,0.45045045045045046 
20,0.8991008991008992 
30,1.04425658876181 
40,0.6986027944111777 
50,0.4506760140210316 
60,0.9009009009009009 
70,2.095808383233533 
80,0.8512769153730596 
90,0.5491762356465303 
100,0.6509764646970456 
110,0.45045045045045046 
120,0.5002501250625313 
130,0.5988023952095809 
132,0.2502502502502503 
