time,freemem@tsung_controller@ip-172-31-20-100 
0,732.44921875 
6,732.44921875 
