time,load@tsung_controller@ip-172-31-20-100 
0,0.166666666666667 
6,0.166666666666667 
