time,cpu@tsung_controller@ip-172-31-20-100 
0,0.27093552902514473 
6,0.27093552902514473 
