time,session 
10,2502.9967841012376 
20,2764.235344780305 
30,2776.1244110520256 
40,0.0 
50,2775.060402582242 
60,3431.7701450460863 
70,4483.449503918141 
80,3059.565462284544 
90,2110.180939763411 
100,3634.007055401147 
110,4539.66366338673 
120,4161.361874894282 
130,1087.9640813698256 
140,3259.0566745687775 
150,4110.157320514437 
160,4779.929815496664 
170,2846.7857894393214 
177,0.0 
