time,load@tsung_controller@ip-172-31-46-69 
0,0.0 
10,0.0 
20,0.0 
30,0.0 
40,0.0 
50,0.0 
60,0.078125 
70,0.078125 
80,0.078125 
90,0.078125 
100,0.078125 
110,0.078125 
120,0.078125 
130,0.078125 
140,0.078125 
150,0.078125 
160,0.08984375 
170,0.08984375 
177,0.08984375 
