time,load@tsung_controller@ip-172-31-19-117 
0,0.01953125 
10,0.01953125 
20,0.1015625 
30,0.1015625 
40,0.1015625 
50,0.1015625 
60,0.1015625 
70,0.1015625 
80,0.1015625 
90,0.1015625 
100,0.1015625 
110,0.1015625 
120,0.1015625 
130,0.1015625 
140,0.1015625 
150,0.1015625 
160,0.1015625 
170,0.1015625 
180,0.1015625 
190,0.1015625 
200,0.16015625 
210,0.16015625 
220,0.16015625 
230,0.16015625 
240,0.16015625 
249,0.16015625 
