time,load@tsung_controller@ip-172-31-19-117 
0,0.01953125 
10,0.01953125 
20,0.1015625 
30,0.078125 
40,0.0703125 
50,0.05859375 
60,0.05078125 
70,0.0390625 
80,0.03125 
90,0.03125 
100,0.1015625 
110,0.078125 
120,0.0703125 
130,0.05859375 
140,0.05078125 
150,0.0390625 
160,0.03125 
170,0.03125 
180,0.01953125 
190,0.01953125 
200,0.16015625 
210,0.140625 
220,0.12109375 
230,0.1015625 
240,0.078125 
249,0.0703125 
