time,session 
60,0 
70,2052.966891939988 
80,2994.89280183561 
90,4796.768538355437 
100,2959.8319972216195 
110,0 
120,0 
130,0 
140,0 
150,0.0 
152,0 
