time,session 
60,62787.915 
70,67153.23441666667 
80,67237.70316 
90,70863.85378124999 
100,73806.80780000001 
110,0 
120,0 
130,0 
140,0 
150,129144.026 
152,0 
