time,freemem@tsung_controller@ip-172-31-25-141 
0,733.9140625 
10,728.0078125 
20,719.1640625 
30,712.4453125 
40,711.2421875 
50,711.2421875 
60,711.2421875 
70,711.2421875 
80,711.2421875 
90,711.2421875 
100,711.2421875 
110,711.2421875 
120,711.2421875 
130,711.2421875 
140,711.2421875 
150,711.2421875 
152,711.2421875 
