time,load@tsung_controller@ip-172-31-29-147 
0,0.01953125 
10,0.01953125 
20,0.1015625 
30,0.078125 
40,0.0703125 
50,0.05859375 
60,0.05078125 
70,0.0390625 
80,0.03125 
90,0.03125 
100,0.01953125 
110,0.08984375 
120,0.078125 
130,0.0703125 
140,0.05859375 
150,0.05078125 
160,0.0390625 
170,0.03125 
180,0.03125 
190,0.01953125 
200,0.01953125 
210,0.01953125 
220,0.01171875 
230,0.01171875 
240,0.08984375 
250,0.0703125 
260,0.05859375 
270,0.05078125 
280,0.0390625 
284,0.0390625 
