time,cpu@tsung_controller@ip-172-31-33-214 
0,0.005919968209210138 
10,0.013532222303184235 
20,0.013532222303184235 
30,0.013532222303184235 
40,0.013532222303184235 
50,0.013532222303184235 
60,0.013532222303184235 
70,0.013532222303184235 
80,0.013532222303184235 
85,0.013532222303184235 
