time,cpu@tsung_controller@ip-172-31-33-214 
0,0.005919968209210138 
10,0.013532222303184235 
20,0.009369241820131376 
30,0.005204700885840091 
40,0.0031229830734317418 
50,0.0 
60,0.0062459661468634835 
70,0.0010410160316468872 
80,0.0010410918971817643 
85,0.004163804051381342 
