time,session 
10,10974.344799999999 
20,15233.218545454543 
30,19081.7918 
40,27646.675 
50,0 
60,64700.246 
70,0 
80,74957.74966666667 
85,80023.80866666666 
