time,session 
10,3174.8309315846986 
20,3149.900282851575 
30,4068.7523187632055 
40,0.0 
50,0 
60,0.0 
70,0 
80,3148.681854984857 
85,506.87287367171564 
