time,cpu@tsung_controller@ip-172-31-25-179 
0,0.8221012256279384 
10,0.8221012256279384 
20,0.8221012256279384 
27,0.8221012256279384 
