time,size_sent,size_rcv 
0,3.09375,14.05 
10,21.3515625,56.65625 
20,11.09296875,38.42890625 
27,4.25859375,13.71640625 
