time,cpu@tsung_controller@ip-172-31-26-119 
0,0.9892019269489478 
10,0.25037556334501754 
20,0.4995004995004995 
30,0.501002004008016 
40,0.25012506253126565 
50,0.05 
60,0.1 
70,0.05 
80,0.10005002501250625 
90,0.15 
100,0.24975024975024976 
110,0.14992503748125938 
120,0.05 
130,0.1998001998001998 
140,0.14970059880239522 
150,0.15015015015015015 
160,0.3494757863205192 
170,0.3 
180,0.4497751124437781 
190,0.05 
200,0.04997501249375312 
207,0.09995002498750624 
