time,cpu@tsung_controller@ip-172-31-26-68 
0,0.3528812125023925 
10,0.3528812125023925 
20,0.3528812125023925 
30,0.3003003003003003 
40,0.19990004997501248 
50,0.19990004997501248 
60,0.1998001998001998 
70,0.0 
80,0.0 
90,0.0 
100,0.0 
110,0.0 
120,0.0 
130,0.0 
140,0.0 
150,0.0 
160,0.0 
170,0.0 
180,0.0 
190,0.0 
200,0.0 
210,0.0 
220,0.0 
230,0.0 
240,0.0 
250,0.0 
260,0.0 
266,0.0 
