time,load@tsung_controller@ip-172-31-19-117 
0,0.01953125 
10,0.01171875 
20,0.01171875 
30,0.01171875 
40,0.01171875 
50,0.0 
60,0.0 
70,0.0 
80,0.0 
90,0.0 
100,0.0 
110,0.0 
120,0.0703125 
130,0.140625 
140,0.19140625 
150,0.16015625 
160,0.12890625 
170,0.109375 
180,0.1015625 
190,0.078125 
200,0.0703125 
210,0.05859375 
220,0.05078125 
230,0.0390625 
240,0.03125 
250,0.109375 
260,0.08984375 
267,0.078125 
