time,load@tsung_controller@ip-172-31-19-117 
0,0.01953125 
10,0.01953125 
20,0.01953125 
30,0.01953125 
40,0.01953125 
50,0.01953125 
60,0.01953125 
70,0.01953125 
80,0.01953125 
90,0.01953125 
100,0.01953125 
110,0.01953125 
120,0.0703125 
130,0.140625 
140,0.19140625 
150,0.19140625 
160,0.19140625 
170,0.19140625 
180,0.19140625 
190,0.19140625 
200,0.19140625 
210,0.19140625 
220,0.19140625 
230,0.19140625 
240,0.19140625 
250,0.19140625 
260,0.19140625 
267,0.19140625 
