time,session 
0,5068.518 
10,10476.872875 
20,14672.48525 
30,21717.148999999998 
40,27790.906 
50,9887.597666666668 
60,14494.23729032258 
70,18569.268416666666 
80,17031.6925 
90,9949.21066666667 
100,15766.24468253968 
110,21421.399040000004 
120,29332.225 
130,7523.285499999999 
140,12522.502882352943 
150,18120.03920618556 
160,23724.773333333334 
170,32849.86925 
180,8973.63848 
190,13676.3673986014 
200,18861.116893617036 
210,25689.31448529413 
220,35078.583875000004 
227,44429.896 
