time,load@tsung_controller@ip-172-31-30-185 
0,0.0 
10,0.0 
20,0.0 
30,0.0 
40,0.0 
50,0.0 
60,0.0 
70,0.0 
80,0.0 
90,0.0 
100,0.0 
110,0.0 
120,0.078125 
130,0.078125 
140,0.078125 
150,0.078125 
160,0.078125 
170,0.078125 
180,0.078125 
190,0.078125 
200,0.078125 
210,0.078125 
220,0.078125 
230,0.078125 
240,0.171875 
250,0.21875 
260,0.41015625 
270,0.41015625 
280,0.41015625 
290,0.41015625 
300,0.41015625 
310,0.41015625 
320,0.41015625 
330,0.41015625 
340,0.41015625 
