time,load@tsung_controller@ip-172-31-30-185 
0,0.0 
10,0.0 
20,0.0 
30,0.0 
40,0.0 
50,0.0 
60,0.0 
70,0.0 
80,0.0 
90,0.0 
100,0.0 
110,0.0 
120,0.078125 
130,0.0703125 
140,0.05859375 
150,0.05078125 
160,0.0390625 
170,0.03125 
180,0.03125 
190,0.01953125 
200,0.01953125 
210,0.01953125 
220,0.01171875 
230,0.01171875 
240,0.171875 
250,0.21875 
260,0.41015625 
270,0.3515625 
280,0.2890625 
290,0.25 
300,0.2109375 
310,0.1796875 
320,0.23046875 
330,0.19140625 
340,0.16015625 
