time,cpu@tsung_controller@ip-172-31-26-119 
0,1.7706040176114473 
10,1.7706040176114473 
20,1.7706040176114473 
30,1.794616151545364 
40,1.794616151545364 
50,1.794616151545364 
60,1.794616151545364 
70,1.794616151545364 
80,1.794616151545364 
90,1.794616151545364 
100,1.794616151545364 
110,1.794616151545364 
120,1.794616151545364 
130,1.794616151545364 
140,1.794616151545364 
