time,connect,request 
0,3.0793574246521516,72.05694024327026 
10,5.603397484165795,134.4879666448644 
20,41.277948446728736,1727.5325205723154 
30,0.02200000000000002,241.91708937105201 
40,0,0 
50,0,0 
60,0,0.0 
70,0,5812.073863377909 
80,0,3975.4814266410044 
90,0,1.4568967639302661 
100,0,0 
110,0,0 
120,0,0 
130,0,0 
140,0,18.92099034068357 
140,0,0 
