time,freemem@tsung_controller@ip-172-31-26-119 
0,737.3359375 
10,734.5703125 
20,723.765625 
30,711.421875 
40,709.85546875 
50,709.81640625 
60,709.73046875 
70,709.73046875 
80,709.71484375 
90,709.71484375 
100,709.71484375 
110,709.71484375 
120,709.71484375 
130,709.71484375 
140,709.71484375 
