time,load@tsung_controller@ip-172-31-46-69 
0,0.0 
10,0.0 
20,0.0 
30,0.0 
40,0.078125 
50,0.0703125 
60,0.05859375 
70,0.05078125 
80,0.0390625 
90,0.03125 
100,0.109375 
110,0.08984375 
120,0.078125 
130,0.05859375 
140,0.05078125 
150,0.05078125 
160,0.0390625 
170,0.109375 
180,0.08984375 
190,0.078125 
200,0.0703125 
210,0.05859375 
220,0.05078125 
230,0.0390625 
240,0.03125 
