time,load@tsung_controller@ip-172-31-46-69 
0,0.0 
10,0.0 
20,0.0 
30,0.0 
40,0.078125 
50,0.078125 
60,0.078125 
70,0.078125 
80,0.078125 
90,0.078125 
100,0.109375 
110,0.109375 
120,0.109375 
130,0.109375 
140,0.109375 
150,0.109375 
160,0.109375 
170,0.109375 
180,0.109375 
190,0.109375 
200,0.109375 
210,0.109375 
220,0.109375 
230,0.109375 
240,0.109375 
