time,session 
10,2965.782654357384 
20,4832.570325548811 
30,4662.760393760135 
40,0 
50,0.0 
60,2652.188572938675 
70,3918.4042277256813 
80,4770.821374322234 
90,0 
100,2649.0483864507705 
110,4105.255862460295 
120,4036.9080419117467 
130,3904.022221479626 
140,626.797999999997 
150,0 
160,0 
170,3098.535658809788 
180,2235.990791001096 
190,2955.7173985682966 
200,4077.9605446744185 
210,4422.134308821031 
220,5197.28102790183 
230,3497.589485593346 
240,0.0 
