time,freemem@tsung_controller@ip-172-31-20-100 
0,732.67578125 
10,729.515625 
18,728.20703125 
