time,session 
0,1922.4980866758333 
10,2699.1093158769063 
18,0.0 
