time,cpu@tsung_controller@ip-172-31-20-100 
0,0.21682723327896497 
10,0.21682723327896497 
18,0.21682723327896497 
