time,connect,request 
0,3.5441428571428575,10.364681818181818 
10,3.7213333333333334,6.46225 
18,0,5.453 
