time,freemem@tsung_controller@ip-172-31-20-100 
0,732.67578125 
10,732.67578125 
18,732.67578125 
