time,page 
0,13.026566115534697 
10,3.6788897017306734 
18,2.173 
