time,size_sent,size_rcv 
0,5.4890625,29.66015625 
10,4.4875,22.77265625 
18,0.72109375,2.60625 
