time,cpu@tsung_controller@ip-172-31-20-100 
0,0.21682723327896497 
10,1.2987012987012987 
18,1.4478282576135795 
