time,page 
0,10.364681818181818 
10,6.46225 
18,5.453 
