time,connect,request 
0,4.157679106306836,13.026566115534697 
10,4.108794254063133,3.6788897017306734 
18,0,2.173 
