time,size_sent,size_rcv 
0,5.4890625,29.66015625 
10,9.9765625,52.4328125 
18,10.69765625,55.0390625 
