time,load@tsung_controller@ip-172-31-21-46 
0,0.0 
10,0.0 
20,0.0 
30,0.0 
40,0.0 
50,0.0 
60,0.0 
70,0.0 
80,0.0 
90,0.0 
100,0.0 
110,0.0 
120,0.0703125 
130,0.05859375 
140,0.05078125 
150,0.0390625 
160,0.0390625 
170,0.03125 
180,0.01953125 
190,0.01953125 
200,0.01953125 
210,0.08984375 
220,0.0703125 
230,0.05859375 
240,0.05078125 
250,0.0390625 
260,0.0390625 
270,0.109375 
280,0.08984375 
290,0.30859375 
300,0.26171875 
301,0.21875 
