time,load@tsung_controller@ip-172-31-21-46 
0,0.0 
10,0.0 
20,0.0 
30,0.0 
40,0.0 
50,0.0 
60,0.0 
70,0.0 
80,0.0 
90,0.0 
100,0.0 
110,0.0 
120,0.0703125 
130,0.0703125 
140,0.0703125 
150,0.0703125 
160,0.0703125 
170,0.0703125 
180,0.0703125 
190,0.0703125 
200,0.0703125 
210,0.08984375 
220,0.08984375 
230,0.08984375 
240,0.08984375 
250,0.08984375 
260,0.08984375 
270,0.109375 
280,0.109375 
290,0.30859375 
300,0.30859375 
301,0.30859375 
