time,cpu@tsung_controller@ip-172-31-26-119 
0,0.5840066225998737 
10,0.400200100050025 
20,0.400200100050025 
30,0.400200100050025 
40,0.400200100050025 
50,0.400200100050025 
60,0.400200100050025 
70,0.400200100050025 
80,0.400200100050025 
90,0.400200100050025 
100,0.400200100050025 
110,0.400200100050025 
120,0.400200100050025 
121,0.2 
