time,connect,request 
0,13.431849905284796,378.9467439333132 
10,1.0177354547141968,554.7462472465552 
20,5.47443039513698,1325.220384916201 
30,4.877084357750438,4143.680579805521 
40,32.547989493635356,3365.4142595993994 
50,37.1623833189616,5946.745326762117 
60,1.1765718420847817,6778.029923360949 
70,0,7199.330387682484 
80,0,10398.10451212078 
90,0,4812.435747007029 
100,0,6635.617975149848 
110,0,6731.570652938723 
120,0,3.5183884245300936 
121,0,0.0 
