time,load@tsung_controller@ip-172-31-26-119 
0,0.23828125 
10,0.19921875 
20,0.171875 
30,0.140625 
40,0.12109375 
50,0.1015625 
60,0.08984375 
70,0.0703125 
80,0.05859375 
90,0.05078125 
100,0.0390625 
110,0.0390625 
120,0.109375 
121,0.08984375 
