time,cpu@tsung_controller@ip-172-31-26-119 
0,11.161813269288503 
10,11.161813269288503 
20,11.161813269288503 
30,11.161813269288503 
40,11.161813269288503 
50,11.161813269288503 
60,11.161813269288503 
70,11.161813269288503 
80,11.161813269288503 
90,11.161813269288503 
100,11.161813269288503 
110,11.161813269288503 
112,11.161813269288503 
