time,session 
30,349.89600000000064 
40,0 
50,0 
60,0.0 
70,2004.2209976473841 
80,5094.575629102386 
90,2907.0255158323166 
100,5496.632970519282 
110,0 
112,0.0 
