time,load@tsung_controller@ip-172-31-26-119 
0,0.16015625 
10,0.16015625 
20,0.16015625 
30,0.16015625 
40,0.16015625 
50,0.16015625 
60,0.16015625 
70,0.16015625 
80,0.16015625 
90,0.16015625 
100,0.16015625 
110,0.16015625 
112,0.16015625 
