time,cpu@tsung_controller@ip-172-31-26-119 
0,11.161813269288503 
10,0.30045067601402103 
20,0.20050125313283207 
30,1.046337817638266 
40,0.15015015015015015 
50,0.0 
60,0.0999000999000999 
70,0.1 
80,0.10010010010010009 
90,0.29925187032418954 
100,0.29985007496251875 
110,0.14992503748125938 
112,0.0 
