time,session 
60,1178.177771467873 
70,2775.288200210856 
80,3398.5773562200693 
90,4002.4362935765475 
100,2849.069299995642 
101,0 
