time,session 
60,65653.519 
70,67340.25054545453 
80,67565.38824137932 
90,70074.46287096775 
100,76600.36475000001 
101,0 
