time,cpu@tsung_controller@ip-172-31-21-78 
0,1.175936958405546 
10,0.6483790523690772 
20,1.1988011988011988 
30,1.6483516483516485 
40,0.0501002004008016 
50,0.10005002501250625 
60,0.0 
70,0.5997001499250375 
80,1.4962593516209477 
90,1.6450648055832504 
100,0.35000000000000003 
