time,cpu@tsung_controller@ip-172-31-33-214 
0,0.017354519592382094 
10,0.017354519592382094 
20,0.017354519592382094 
30,0.017354519592382094 
40,0.017354519592382094 
50,0.017354519592382094 
60,0.017354519592382094 
70,0.017354519592382094 
80,0.017354519592382094 
82,0.017354519592382094 
