time,session 
10,3009.99663515497 
20,3989.1713942119154 
30,4494.670633068394 
40,1278.174500000001 
50,0 
60,0 
70,1479.5464999999967 
80,6183.119224565969 
82,0 
