time,cpu@tsung_controller@ip-172-31-33-214 
0,0.017354519592382094 
10,0.011451414770242977 
20,0.015616703626198582 
30,0.0031231131191571757 
40,0.0020820103892318425 
50,0.006244925997626928 
60,0.0 
70,0.002081663665601549 
80,0.0020820970881872225 
82,0.0010409293417162843 
