time,freemem@tsung_controller@ip-172-31-33-214 
0,379639.25390625 
10,379633.63671875 
20,379624.828125 
30,379623.07421875 
40,379623.07421875 
50,379613.91796875 
60,379613.91796875 
70,379613.91796875 
80,379613.91796875 
82,379613.91796875 
