time,connect,request 
0,7.913333333333333,51.96455555555555 
5,8.093,50.735 
