time,freemem@tsung_controller@ip-172-31-20-100 
0,736.6328125 
5,735.86328125 
