time,connect,request 
0,0.6058411966477318,2.1340724298398297 
5,0.0,0.0 
