time,session 
10,13985.546 
20,0 
30,26574.016166666665 
40,36354.56671428572 
47,39656.773499999996 
