time,connect,request 
0,23.156,221.52104347826085 
10,0.92075,91.59742857142854 
20,0,4728.533045454546 
30,0,5705.783653846154 
40,0,5694.093151515152 
47,0,6.294214285714285 
