time,freemem@tsung_controller@ip-172-31-21-99 
0,731.55859375 
10,731.55859375 
20,731.55859375 
30,731.55859375 
40,731.55859375 
47,731.55859375 
