time,connect,request 
0,56.17139604371606,783.2923342355194 
10,0.5612501113585635,80.91251801178112 
20,0,3818.794048203551 
30,0,7482.514371203712 
40,0,9213.171618154001 
47,0,2.8214275307412184 
