time,cpu@tsung_controller@ip-172-31-21-99 
0,0.15319695682313217 
10,0.399400898652022 
20,0.3494757863205192 
30,0.19990004997501248 
40,0.34930139720558884 
47,0.2997002997002997 
