time,freemem@tsung_controller@ip-172-31-21-99 
0,731.55859375 
10,729.72265625 
20,725.38671875 
30,722.37109375 
40,720.265625 
47,721.73046875 
