time,session 
10,0 
20,0 
30,5296.168834175683 
40,4492.932870525177 
47,3553.097744800854 
