time,cpu@tsung_controller@ip-172-31-21-99 
0,0.15319695682313217 
10,0.15319695682313217 
20,0.15319695682313217 
30,0.15319695682313217 
40,0.15319695682313217 
47,0.15319695682313217 
