time,cpu@tsung_controller@ip-172-31-21-99 
0,0.15319695682313217 
10,0.399400898652022 
20,0.399400898652022 
30,0.399400898652022 
40,0.399400898652022 
47,0.399400898652022 
