time,cpu@tsung_controller@ip-172-31-46-69 
0,0.07523633642326907 
10,0.012491802254770305 
20,0.03122983073431742 
30,0.010411569335845992 
40,0.0031235683644996043 
50,0.004163934084923436 
60,0.043728135932033986 
70,0.030194179811546668 
80,0.008327694789985947 
90,0.00520583886887533 
100,0.06038458735463452 
110,0.10098276005663363 
120,0.09057499505481348 
130,0.04268165729752238 
136,0.014572859090861777 
