time,cpu@tsung_controller@ip-172-31-46-69 
0,0.07523633642326907 
10,0.012491802254770305 
20,0.012491802254770305 
30,0.010411569335845992 
40,0.0031235683644996043 
50,0.0031235683644996043 
60,0.0031235683644996043 
70,0.0031235683644996043 
80,0.0031235683644996043 
90,0.0031235683644996043 
100,0.0031235683644996043 
110,0.0031235683644996043 
120,0.0031235683644996043 
130,0.0031235683644996043 
136,0.0031235683644996043 
