time,cpu@tsung_controller@ip-172-31-46-69 
0,0.07523633642326907 
10,0.07523633642326907 
20,0.07523633642326907 
30,0.07523633642326907 
40,0.07523633642326907 
50,0.07523633642326907 
60,0.07523633642326907 
70,0.07523633642326907 
80,0.07523633642326907 
90,0.07523633642326907 
100,0.07523633642326907 
110,0.10098276005663363 
120,0.10098276005663363 
130,0.10098276005663363 
136,0.10098276005663363 
