time,cpu@tsung_controller@ip-172-31-24-72 
0,0.4039159199291453 
10,0.45090180360721444 
20,0.9995002498750625 
30,0.9995002498750625 
40,0.9995002498750625 
50,0.9995002498750625 
60,0.9995002498750625 
70,0.9995002498750625 
80,0.9995002498750625 
90,0.9995002498750625 
100,0.9995002498750625 
110,1.6032064128256511 
120,2.1945137157107233 
130,2.1945137157107233 
140,2.1945137157107233 
150,2.1945137157107233 
160,2.1945137157107233 
170,2.1945137157107233 
177,2.1945137157107233 
