time,load@tsung_controller@ip-172-31-21-126 
0,0.0390625 
10,0.0390625 
20,0.0390625 
30,0.0390625 
40,0.0390625 
50,0.0390625 
60,0.0390625 
70,0.0390625 
80,0.0390625 
90,0.0390625 
100,0.0390625 
110,0.0390625 
120,0.0390625 
130,0.0390625 
140,0.0390625 
150,0.0390625 
160,0.0390625 
170,0.0390625 
180,0.0390625 
190,0.0390625 
200,0.0390625 
210,0.0390625 
220,0.0390625 
230,0.0390625 
240,0.0390625 
