time,size_sent,size_rcv 
0,0.6609375,9.6328125 
10,1.5421875,22.4765625 
20,2.1296875,31.0390625 
27,0.8078125,11.7734375 
