time,session 
0,3.6638022178275436 
10,13.787732428641394 
20,1.9995498907393023 
27,12.0759016644721 
