time,tr_Get_Root,page 
0,9.896555555555555,9.397888888888886 
10,12.534809523809521,12.393857142857147 
20,8.383034482758621,8.238758620689655 
27,11.838909090909091,11.696181818181822 
