time,size_sent,size_rcv 
0,0.6609375,9.6328125 
10,2.203125,32.109375 
20,4.3328125,63.1484375 
27,5.140625,74.921875 
