time,tr_Get_Root,page 
0,3.531768178849766,2.600526632325094 
10,13.857658283655862,13.866866069831334 
20,2.0256466567793323,2.0256734368526708 
27,11.492330386784406,11.49362374867183 
