time,connect,request 
0,1.6641111111111113,9.397888888888886 
10,5.217285714285713,12.393857142857147 
20,0.8500344827586207,8.238758620689655 
27,0.7955454545454544,11.696181818181822 
