time,connect,request 
0,2.2068263509415234,2.600526632325094 
10,13.223797754851836,13.866866069831334 
20,0.28644774245185967,2.0256734368526708 
27,0.06612847500594256,11.49362374867183 
