time,cpu@tsung_controller@ip-172-31-20-100 
0,0.2407428286740844 
10,0.35000000000000003 
20,0.5480817140009965 
27,0.6975585450921774 
