time,session 
0,11.767444444444445 
10,14.888000000000002 
20,10.173633333333337 
27,13.849700000000002 
