time,freemem@tsung_controller@ip-172-31-20-100 
0,731.68359375 
10,731.68359375 
20,731.68359375 
27,731.68359375 
