time,freemem@tsung_controller@ip-172-31-20-100 
0,731.68359375 
10,733.0234375 
20,733.18359375 
27,733.22265625 
