time,cpu@tsung_controller@ip-172-31-20-100 
0,0.2407428286740844 
10,0.2407428286740844 
20,0.2407428286740844 
27,0.2407428286740844 
