time,load@tsung_controller@ip-172-31-24-135 
0,0.0703125 
10,0.05859375 
20,0.12109375 
30,0.1015625 
31,0.08984375 
