time,cpu@tsung_controller@ip-172-31-24-135 
0,8.039285396853613 
10,8.039285396853613 
20,8.039285396853613 
30,8.039285396853613 
31,8.039285396853613 
