time,connect,request 
0,10.191656759330154,88.95752632650134 
10,0.04049999999999998,63.90110810000218 
20,0,1.4880000000000004 
30,0,63.1435 
31,0,0 
