time,size_sent,size_rcv 
0,3.9171875,15.4484375 
10,2.13984375,7.90078125 
20,1.1984375,3.403125 
30,0.43359375,1.67734375 
31,0,0 
