time,freemem@tsung_controller@ip-172-31-24-135 
0,740.2265625 
10,739.98828125 
20,738.46484375 
30,738.234375 
31,738.3125 
