time,freemem@tsung_controller@ip-172-31-24-135 
0,740.2265625 
10,740.2265625 
20,740.2265625 
30,740.2265625 
31,740.2265625 
