time,cpu@tsung_controller@ip-172-31-24-135 
0,8.039285396853613 
10,0.35000000000000003 
20,1.1970074812967582 
30,0.05 
31,0.0 
