time,size_sent,size_rcv 
0,3.9171875,15.4484375 
10,6.05703125,23.34921875 
20,7.25546875,26.75234375 
30,7.6890625,28.4296875 
31,7.6890625,28.4296875 
