time,connect,request 
0,7.422000000000001,62.51115384615385 
10,0.8225,47.794857142857154 
20,0,7.7 
30,0,72.4085 
31,0,0 
