time,size_sent,size_rcv 
0,7.528125,40.3546875 
10,3.6703125,14.684375 
13,0,0 
