time,cpu@tsung_controller@ip-172-31-20-100 
0,0.2279755520486773 
10,0.9970089730807578 
13,0.29940119760479045 
