time,connect,request 
0,2.0626,7.018413793103445 
10,0,5.675272727272727 
13,0,0 
