time,session 
0,1978.4639190874818 
10,3003.4131417053204 
13,0 
