time,connect,request 
0,2.6306135862190025,3.1032045229945577 
10,0,2.325698295562748 
13,0,0 
