time,freemem@tsung_controller@ip-172-31-20-100 
0,730.375 
10,728.92578125 
13,728.69921875 
