time,size_sent,size_rcv 
0,7.528125,40.3546875 
10,11.1984375,55.0390625 
13,11.1984375,55.0390625 
