time,cpu@tsung_controller@ip-172-31-31-187 
0,0.17211531342537792 
10,0.35070140280561124 
20,0.3009027081243731 
30,1.6 
40,0.5508262393590386 
50,0.050050050050050046 
60,0.14992503748125938 
70,0.14985014985014986 
80,0.15 
90,0.15015015015015015 
100,0.35000000000000003 
110,0.14992503748125938 
120,0.10005002501250625 
130,0.05 
140,0.0 
150,0.05 
160,0.09995002498750624 
170,0.05002501250625312 
180,0.0 
190,0.05 
200,0.14992503748125938 
210,0.14992503748125938 
218,0.0 
