time,cpu@tsung_controller@ip-172-31-31-187 
0,0.17211531342537792 
10,0.17211531342537792 
20,0.17211531342537792 
30,0.17211531342537792 
40,0.17211531342537792 
50,0.050050050050050046 
60,0.050050050050050046 
70,0.050050050050050046 
80,0.050050050050050046 
90,0.050050050050050046 
100,0.050050050050050046 
110,0.050050050050050046 
120,0.050050050050050046 
130,0.05 
140,0.0 
150,0.0 
160,0.0 
170,0.0 
180,0.0 
190,0.0 
200,0.0 
210,0.0 
218,0.0 
