time,load@tsung_controller@ip-172-31-29-217 
0,0.0 
10,0.0 
20,0.0 
30,0.0 
40,0.0 
50,0.0 
60,0.0 
70,0.0 
80,0.0 
90,0.0 
100,0.0 
110,0.0 
120,0.0 
130,0.0 
140,0.0 
150,0.0 
160,0.0 
170,0.0 
180,0.0 
190,0.0 
200,0.16015625 
210,0.2890625 
220,0.23828125 
230,0.2109375 
240,0.328125 
250,0.28125 
260,0.46875 
270,0.390625 
280,0.328125 
282,0.28125 
