time,session 
10,1669.9232513995264 
20,5063.895328913444 
30,5649.306808037927 
40,3404.5369563684444 
50,2491.6059054281586 
52,0.0 
