time,freemem@tsung_controller@ip-172-31-21-78 
0,738.203125 
10,738.203125 
20,738.203125 
30,738.203125 
40,738.203125 
50,738.203125 
52,738.203125 
