time,cpu@tsung_controller@ip-172-31-21-78 
0,0.8495291524744539 
10,0.8495291524744539 
20,0.8495291524744539 
30,0.8495291524744539 
40,1.1988011988011988 
50,1.1988011988011988 
52,1.1988011988011988 
