time,connect,request 
0,4.48987160758875,37.35694574463073 
10,0.2877480383838438,52.1920680798197 
20,50.95867091311896,61.236945030797614 
30,0.43127810053375076,61.52044614654973 
40,0,68.78747036775901 
50,0,9.553202784276067 
52,0,0.0 
