time,session 
10,10429.886888888886 
20,13177.472045454546 
30,13907.109999999997 
40,16799.727642857146 
50,26941.563833333334 
52,33277.761 
