time,freemem@tsung_controller@ip-172-31-21-78 
0,738.203125 
10,733.984375 
20,727.05078125 
30,723.7109375 
40,721.76953125 
50,726.13671875 
52,725.91015625 
