time,connect,request 
0,2.4450000000000003,92.25027777777778 
10,0.8759375000000001,73.49916393442619 
20,21.806891891891908,68.2218457446809 
30,0.9869999999999999,57.4044489795919 
40,0,44.83216216216215 
50,0,20.75575 
52,0,19.557 
