time,freemem@tsung_controller@ip-172-31-28-40 
0,732.125 
10,730.578125 
20,723.20703125 
30,718.0859375 
40,718.0859375 
50,718.0859375 
60,718.0859375 
70,718.0859375 
80,708.59765625 
90,702.109375 
100,699.94921875 
110,699.94921875 
120,696.28125 
130,696.28125 
140,696.28125 
150,692.13671875 
160,683.6953125 
170,681.76953125 
180,680.20703125 
190,673.1953125 
200,673.1953125 
210,673.1953125 
220,673.1953125 
230,673.1953125 
240,673.1953125 
250,673.1953125 
256,673.1953125 
