time,session 
10,3031.511386882334 
20,4509.566506379339 
30,2590.8904504161405 
40,1427.5877695619597 
50,1239.3285000000033 
60,0 
70,294.33300000000963 
80,3959.3775697244437 
90,0.0 
91,0 
