time,cpu@tsung_controller@ip-172-31-33-214 
0,0.1653574430699179 
10,0.006246161213420919 
20,0.006246161213420919 
30,0.006246161213420919 
40,0.005205784667922996 
50,0.004163110676297329 
60,0.0031232756915452924 
70,0.0 
80,0.0 
90,0.0 
