time,session 
10,12085.0635 
20,17929.815874999997 
30,31962.660333333333 
40,36106.367666666665 
50,41355.8675 
60,0 
70,71513.737 
80,77498.28028571428 
90,84239.119 
91,0 
