time,session 
0,4633.294 
10,11387.668285714286 
20,13952.779823529409 
30,16256.042086956522 
40,25802.014444444445 
50,28392.395666666667 
