time,load@tsung_controller@ip-172-31-20-24 
0,0.0 
10,0.0 
20,0.0 
30,0.0703125 
40,0.05859375 
50,0.05078125 
