time,cpu@tsung_controller@ip-172-31-20-24 
0,0.5084404378902444 
10,0.6 
20,0.6 
30,0.8986520219670495 
40,0.8986520219670495 
50,0.8986520219670495 
