time,session 
0,0 
10,2691.716450160737 
20,4389.579575855157 
30,4911.4493607688255 
40,5935.988468113967 
50,5401.211364082034 
