time,freemem@tsung_controller@ip-172-31-20-24 
0,737.73828125 
10,735.3828125 
20,730.33984375 
30,726.54296875 
40,725.76171875 
50,725.76171875 
