time,size_sent,size_rcv 
0,15.946875,61.33515625 
10,54.32265625,216.59140625 
20,128.88828125,492.63203125 
30,165.0625,626.10234375 
40,172.1125,653.71015625 
50,174.73125,664.78125 
