time,freemem@tsung_controller@ip-172-31-20-24 
0,737.73828125 
10,737.73828125 
20,737.73828125 
30,737.73828125 
40,737.73828125 
50,737.73828125 
