time,connect,request 
0,2.317490854216042,62.710061627442826 
10,0.829713129065227,63.41829676621969 
20,0.1991446762434903,94.37370905026665 
30,0,38.95102271748965 
40,0,35.16392504198052 
50,0,2.1237105475548965 
