time,cpu@tsung_controller@ip-172-31-20-24 
0,0.5084404378902444 
10,0.5084404378902444 
20,0.5084404378902444 
30,0.5084404378902444 
40,0.3996003996003996 
50,0.14992503748125938 
