time,size_sent,size_rcv 
0,15.946875,61.33515625 
10,38.37578125,155.25625 
20,74.565625,276.040625 
30,36.17421875,133.4703125 
40,7.05,27.6078125 
50,2.61875,11.07109375 
