time,session 
10,3493.378491131663 
20,3604.747016671606 
30,1444.3843756760193 
40,0 
47,0.0 
