time,session 
10,11153.353000000001 
20,15472.474684210529 
30,18638.636 
40,0 
47,46835.684 
