time,page,tr_Redirect_To_Same_Conversation,tr_Post_New_Post,tr_Post_New_Conversation,tr_Get_New_Book,tr_Get_Logout,tr_Get_Conversations,tr_Redirect_To_New_Book,tr_Redirect_Root,tr_Get_New_Post,tr_Get_Login,tr_Redirect_To_New_Conversation,tr_Get_Root,tr_Post_New_Comment_On_Comment,tr_Get_New_Conversation,tr_Initial_Get_Root,tr_Authenticate_User,tr_Post_Login,tr_Post_New_Comment_On_Post,tr_Redirect_To_New_Post,tr_Get_Book,tr_Redirect_To_Post,tr_Get_Post,tr_Reply_To_Conversation,tr_Post_New_Book 
0,1.7147450980392163,,,,,,0.815,,0.7152,,,,19.3315,0.811,,3.0017500000000004,3117.3128571428565,,0.778,,,1.277,1.9075,, 
10,0.7035412844036697,,0.619,0.9530000000000001,1.019,0.527,0.6615,0.683,0.6902666666666667,0.7629999999999999,0.904,0.789,1.663,0.783,0.8746666666666666,1.6626666666666665,3890.0081250000003,0.953,0.5853333333333334,0.7949999999999999,0.77125,1.4306666666666665,1.0086666666666666,,0.794 
20,0.6333402061855669,0.51,0.5164285714285715,0.606,0.77975,0.685,0.716,0.774,0.6874,0.7578571428571428,0.774,0.8173333333333334,0,0.721,0.736,0,4667.343285714285,0.86,0.5700000000000001,0.7423333333333333,0.7282,1.3511538461538461,0.9027499999999999,0.7290000000000001,0.86575 
30,0.7781428571428571,0.514,0.443,0,0,0,0,0.726,0,0.722,0,0,0,0,0,0,0,0,0,0.848,0.682,1.911,0,0.812,0 
40,0,0,0,0,0,0,0,0,0,0,0,0,0,0,0,0,0,0,0,0,0,0,0,0,0 
47,0.526,0,0,0,0,0,0,0,0,0,0,0,0,0,0,0,0,0,0,0.707,0,0,0,0,0 
