time,cpu@tsung_controller@ip-172-31-22-36 
0,0.053426355700663786 
10,0.01249076204057416 
20,0.009371095376926281 
30,0.009371095376926281 
40,0.008327174693716105 
47,0.004164237528108603 
