time,size_sent,size_rcv 
0,8.09296875,12.50703125 
10,16.85546875,26.73515625 
20,14.32890625,24.50390625 
30,0.97734375,1.9625 
40,0,0 
47,0.09140625,0.2453125 
