time,freemem@tsung_controller@ip-172-31-22-36 
0,375598.39453125 
10,375598.39453125 
20,375598.39453125 
30,375598.39453125 
40,375598.39453125 
47,375598.39453125 
