time,request,connect 
0,1.7147450980392163,3.745062499999999 
10,0.7035412844036697,1.076375 
20,0.6102000000000002,1.1965000000000001 
30,0.67275,1.159 
40,0,0 
47,0.526,0 
