time,freemem@tsung_controller@ip-172-31-22-36 
0,375598.39453125 
10,375601.1640625 
20,375601.06640625 
30,375599.078125 
40,375598.94921875 
47,375598.94921875 
