time,cpu@tsung_controller@ip-172-31-22-36 
0,0.053426355700663786 
10,0.053426355700663786 
20,0.053426355700663786 
30,0.053426355700663786 
40,0.053426355700663786 
47,0.053426355700663786 
