time,page,tr_Redirect_To_Same_Conversation,tr_Post_New_Post,tr_Post_New_Conversation,tr_Get_New_Book,tr_Get_Logout,tr_Get_Conversations,tr_Redirect_To_New_Book,tr_Redirect_Root,tr_Get_New_Post,tr_Get_Login,tr_Redirect_To_New_Conversation,tr_Get_Root,tr_Post_New_Comment_On_Comment,tr_Get_New_Conversation,tr_Initial_Get_Root,tr_Authenticate_User,tr_Post_Login,tr_Post_New_Comment_On_Post,tr_Redirect_To_New_Post,tr_Get_Book,tr_Redirect_To_Post,tr_Get_Post,tr_Reply_To_Conversation,tr_Post_New_Book 
0,4.644482650617586,,,,,,0,,0.0658191461506453,,,,17.2875,0,,2.2200147381267543,1490.6903818518283,,0.09999999999999998,,,0,0.9425,, 
10,0.348136468341333,,0.18500000000000003,0.21600000000000005,0,0,0.03749999999999998,0,0.08964780470758271,0.07099999999999998,0,0,0.06099999999999994,0.0,0.14859415271881402,0.14089633699205167,2853.723216384581,0,0.14153758825445942,0.048000000000000015,0.05124634133282099,0.2627258816502266,0.0651067499487487,,0 
20,0.30272929919260905,0.11080613701415641,0.06946912395930634,0.09599999999999997,0.059272147759297546,0.0,0.0,0.09732762540341093,0.05520181156447673,0.0799864784491346,0.0,0.011728408057172712,0,0.11488752263471803,0.0,0,2311.881976261808,0.0,0.09150136611002048,0.04271091455614387,0.05907080497166093,0.498610044354665,0.08086524284264533,0.13868910074936194,0.14034845029425863 
30,0.4340735383949289,0.0,0.0,0,0,0,0,0.0,0,0.0,0,0,0,0,0,0,0,0,0,0.0,0.0,0.0,0,0.0,0 
40,0,0,0,0,0,0,0,0,0,0,0,0,0,0,0,0,0,0,0,0,0,0,0,0,0 
47,0.0,0,0,0,0,0,0,0,0,0,0,0,0,0,0,0,0,0,0,0.0,0,0,0,0,0 
