time,cpu@tsung_controller@ip-172-31-21-126 
0,0.015687908698512422 
10,0.015615403033552295 
20,0.015615403033552295 
30,0.00936885169107773 
40,0.006246291264561667 
50,0.006246291264561667 
60,0.006246291264561667 
70,0.006246291264561667 
80,0.0031235683644996043 
90,0.0031235683644996043 
100,0.0031235683644996043 
110,0.0031235683644996043 
120,0.0031235683644996043 
130,0.0031235683644996043 
140,0.0031235683644996043 
150,0.0031235683644996043 
160,0.0031235683644996043 
170,0.0031235683644996043 
180,0.0031235683644996043 
190,0.0031235683644996043 
200,0.0031235683644996043 
210,0.0031235683644996043 
220,0.0031235683644996043 
230,0.0031235683644996043 
240,0.0031235683644996043 
250,0.0031235683644996043 
260,0.0031235683644996043 
270,0.0031235683644996043 
280,0.0031235683644996043 
290,0.0031235683644996043 
300,0.0031235683644996043 
310,0.0031235683644996043 
320,0.0031235683644996043 
330,0.0031235683644996043 
340,0.0031235683644996043 
350,0.0031235683644996043 
360,0.0031235683644996043 
368,0.0031235683644996043 
