time,cpu@tsung_controller@ip-172-31-29-144 
0,7.110543219256138 
10,0.5982053838484547 
20,0.5982053838484547 
30,0.5982053838484547 
40,0.19990004997501248 
50,0.19990004997501248 
60,0.19990004997501248 
70,0.19990004997501248 
80,0.19990004997501248 
90,0.1 
100,0.1 
110,0.1 
120,0.1 
130,0.1 
140,0.1 
150,0.1 
160,0.1 
170,0.1 
180,0.1 
190,0.1 
200,0.1 
210,0.1 
220,0.1 
230,0.1 
240,0.1 
250,0.1 
260,0.1 
270,0.1 
280,0.1 
290,0.1 
300,0.1 
310,0.1 
312,0.1 
