time,load@tsung_controller@ip-172-31-46-69 
0,0.0 
10,0.0 
20,0.0 
30,0.0 
40,0.0 
50,0.0 
60,0.0 
70,0.0 
80,0.0 
90,0.0 
100,0.0703125 
110,0.0703125 
120,0.0703125 
130,0.0703125 
140,0.12109375 
150,0.12109375 
160,0.12109375 
170,0.12109375 
180,0.12109375 
190,0.12109375 
200,0.19140625 
210,0.23828125 
220,0.23828125 
230,0.23828125 
240,0.23828125 
250,0.28125 
260,0.390625 
270,0.390625 
280,0.390625 
290,0.390625 
