time,load@tsung_controller@ip-172-31-46-69 
0,0.0 
10,0.0 
20,0.0 
30,0.0 
40,0.0 
50,0.0 
60,0.0 
70,0.0 
80,0.0 
90,0.0 
100,0.0703125 
110,0.05859375 
120,0.05078125 
130,0.0390625 
140,0.12109375 
150,0.1015625 
160,0.078125 
170,0.0703125 
180,0.05859375 
190,0.05078125 
200,0.19140625 
210,0.23828125 
220,0.19921875 
230,0.171875 
240,0.140625 
250,0.28125 
260,0.390625 
270,0.328125 
280,0.28125 
290,0.23046875 
