time,cpu@tsung_controller@ip-172-31-24-44 
0,0.2723830565932722 
10,0.39920159680638717 
20,0.6493506493506493 
30,0.8478802992518704 
