time,freemem@tsung_controller@ip-172-31-24-44 
0,732.7109375 
10,731.890625 
20,729.1171875 
30,728.14453125 
