time,users_count,finish_users_count 
0,1.5,1.5 
6,0.166666666666667,0.166666666666667 
