time,connect,request 
0,3.650142857142857,36.07695 
10,1.0283333333333333,35.016515151515144 
20,0,59.20864285714286 
30,0,148.72 
