time,size_sent,size_rcv 
0,5.5296875,19.97578125 
10,17.1359375,52.1484375 
20,22.875,63.0796875 
30,24.521875,63.3984375 
