time,size_sent,size_rcv 
0,5.5296875,19.97578125 
10,11.60625,32.17265625 
20,5.7390625,10.93125 
30,1.646875,0.31875 
