time,session 
0,0 
10,0.0 
20,4133.823747166848 
30,8699.149970772329 
