time,connect,request 
0,4.604630943132031,55.400014578044114 
10,0.21650609434583792,52.96291701039295 
20,0,61.344949632161644 
30,0,14.337765121059382 
