time,tr_Get_Root 
0,75.95228571428571 
6,67.16033333333333 
