time,cpu@tsung_controller@ip-172-31-24-44 
0,0.2723830565932722 
10,0.2723830565932722 
20,0.2723830565932722 
30,0.2723830565932722 
