time,cpu@tsung_controller@ip-172-31-24-44 
0,5.884257909906409 
6,0.10015022533800699 
