time,tr_Post_Register,tr_Get_Root,page,tr_Post_Login,tr_Get_Register,tr_Get_Logout,tr_Redirect_Root,tr_Get_Login 
0,150.77066666666667,12.035142857142857,36.07695,132.289,6.765000000000001,6.4075,6.3445,6.042 
10,137.3918333333333,6.399,35.016515151515144,129.696,6.7042,7.6065,8.416428571428572,9.734399999999999 
20,126.635,0,59.20864285714286,130.52339999999998,5.757,6.87,6.508,6.418 
30,0,0,148.72,148.89733333333334,0,0,0,0 
