time,freemem@tsung_controller@ip-172-31-24-44 
0,732.7109375 
10,732.7109375 
20,732.7109375 
30,732.7109375 
