time,tr_Get_Root 
0,11.501599872741753 
6,0.12183686725380531 
