time,load@tsung_controller@ip-172-31-24-44 
0,0.166666666666667 
6,0.166666666666667 
