time,load@tsung_controller@ip-172-31-24-44 
0,0.01953125 
6,0.01953125 
