time,freemem@tsung_controller@ip-172-31-24-44 
0,738.07421875 
6,738.12890625 
