time,session 
0,5660.22 
10,12162.688 
20,14807.886800000002 
30,22871.515666666663 
