time,cpu@tsung_controller@ip-172-31-20-100 
0,0.27091256741434355 
6,0.27091256741434355 
