time,session 
0,1.33333333333333 
6,0.333333333333333 
