time,error_connect_nxdomain,error_abort_max_conn_retries 
0,5.33333333333333,1.33333333333333 
6,1.33333333333333,0.333333333333333 
