time,session 
0,4.512507832403179 
6,0.06850000000000023 
