time,freemem@tsung_controller@ip-172-31-20-100 
0,733.94140625 
6,733.94140625 
