time,users_count,finish_users_count 
0,1.5,1.33333333333333 
6,0.166666666666667,0.333333333333333 
