time,cpu@tsung_controller@ip-172-31-29-89 
0,0.5629643072329986 
10,0.4491017964071856 
20,1.4866204162537164 
30,1.092896174863388 
40,2.0699852143913255 
50,1.634472511144131 
60,1.092896174863388 
70,2.129767211490837 
80,0.7477567298105683 
90,1.636904761904762 
100,1.2896825396825395 
110,1.4895729890764648 
