time,cpu@tsung_controller@ip-172-31-29-89 
0,0.5629643072329986 
10,0.4491017964071856 
20,0.4491017964071856 
30,0.4491017964071856 
40,0.4491017964071856 
50,0.4491017964071856 
60,0.4491017964071856 
70,0.4491017964071856 
80,0.4491017964071856 
90,0.4491017964071856 
100,0.4491017964071856 
110,0.4491017964071856 
