time,cpu@tsung_controller@ip-172-31-29-89 
0,0.5629643072329986 
10,0.5629643072329986 
20,1.4866204162537164 
30,1.4866204162537164 
40,2.0699852143913255 
50,2.0699852143913255 
60,2.0699852143913255 
70,2.129767211490837 
80,2.129767211490837 
90,2.129767211490837 
100,2.129767211490837 
110,2.129767211490837 
