time,size_sent,size_rcv 
0,11.490625,52.1765625 
10,45.8640625,427.35625 
20,65.52890625,942.95 
26,72.57265625,1043.8765625 
