time,session 
10,10671.540799999999 
20,20747.898833333336 
26,24191.385 
