time,cpu@tsung_controller@ip-172-31-21-105 
0,0.6282390249235017 
10,0.6975585450921774 
20,0.796812749003984 
26,0.5483549351944167 
