time,freemem@tsung_controller@ip-172-31-21-105 
0,731.95703125 
10,731.95703125 
20,731.95703125 
26,731.95703125 
