time,tr_Post_Register,tr_Get_Root,page,tr_Redirect_To_Same_Conversation,tr_Get_New_Conversation,tr_Post_New_Conversation,tr_Get_Register,tr_Get_Conversations,tr_Redirect_Root,tr_Redirect_To_New_Conversation,tr_Reply_To_Conversation 
0,7.151339583602501,6.912776532320603,42.80941615555194,,,,1.7704622546220303,0.3973955051331108,0.6033296279812549,, 
10,10.179235438654302,0.17849999999999988,1051.048416090177,56.142065560860864,317.8803235639194,19.393529200667494,5.720237079607242,1.890222003422408,3.8788747191337207,8.563054790607074,13.270644710789295 
20,0,0,3305.624341433468,274.35985225049524,997.8007045231988,290.26945168407786,0,921.0672265841946,0.0,35.70970006076432,1026.1343680607847 
26,0,0,1473.0774875077548,7.07954602475799,1138.4245,0.3434999999999988,0,0,0,0.11399999999999944,6.000677038190495 
