time,connect,request 
0,5.415642705494912,42.80941615555194 
10,0.08499999999999996,981.9531233123433 
20,0,2922.878518574849 
26,0,1157.683272367093 
