time,freemem@tsung_controller@ip-172-31-21-105 
0,731.95703125 
10,729.28125 
20,726.8046875 
26,725.9375 
