time,size_sent,size_rcv 
0,11.490625,52.1765625 
10,34.3734375,375.1796875 
20,19.66484375,515.59375 
26,7.04375,100.9265625 
