time,connect,request 
0,2.7425555555555556,24.26695348837209 
10,1.238,342.33060240963846 
20,0,1693.2241428571435 
26,0,411.03744444444436 
