time,tr_Post_Register,tr_Get_Root,page,tr_Redirect_To_Same_Conversation,tr_Get_New_Conversation,tr_Post_New_Conversation,tr_Get_Register,tr_Get_Conversations,tr_Redirect_Root,tr_Redirect_To_New_Conversation,tr_Reply_To_Conversation 
0,141.6376,10.260944444444444,24.26695348837209,,,,7.818636363636364,8.591249999999999,7.637600000000001,, 
10,142.9598666666667,7.955500000000001,400.21485915492957,53.9996,3559.3944285714288,40.461,11.284555555555556,9.966333333333333,10.748642857142856,28.627714285714287,44.6986 
20,0,0,2633.986222222223,151.09144444444442,7423.423090909092,152.49045454545455,0,940.956,272.744,61.59045454545451,602.1467777777777 
26,0,0,739.9818,22.9105,3504.6205,18.0685,0,0,0,14.352,31.6455 
