time,session 
10,2972.327539041712 
20,3635.7519866707726 
26,3031.525769526296 
