time,freemem@tsung_controller@ip-172-31-25-179 
0,725.859375 
10,725.859375 
20,723.8359375 
27,723.484375 
