time,load@tsung_controller@ip-172-31-25-179 
0,0.109375 
10,0.109375 
20,0.109375 
27,0.109375 
