time,connect,request 
0,5.1855,41.478846153846156 
10,0.8377500000000001,39.33574137931034 
20,0,36.33327586206896 
27,0,21.3979 
