time,size_sent,size_rcv 
0,3.09375,14.05 
10,24.4453125,70.70625 
20,35.53828125,109.13515625 
27,39.796875,122.8515625 
