time,load@tsung_controller@ip-172-31-25-179 
0,0.109375 
10,0.08984375 
20,0.078125 
27,0.0703125 
