time,connect,request 
0,9.636881268508674,57.95092990937201 
10,0.06580416020283218,59.77268357027092 
20,0,66.53917073418383 
27,0,39.08317936261072 
