time,session 
10,0 
20,4492.768979524542 
27,2417.1335220546353 
