time,freemem@tsung_controller@ip-172-31-25-179 
0,725.859375 
10,725.87890625 
20,725.87890625 
27,725.87890625 
